﻿Fedu,Medu,Mjob,Fjob,guardian,failures,activities,internet,romantic,goout,studytime,traveltime,paid,higher,Pstatus,Walc,Dalc,health,famrel,famsup,famsize,freetime,reason,absences,nursery,sex,age,address,schoolsup,school,G1_mate,G2_mate,G3_mate,G1_por,G2_por,G3_por
4,4,at_home,teacher,mother,0,no,no,no,4,2,2,no,yes,A,1,1,3,4,no,GT3,3,course,6,yes,F,18,U,yes,GP,5,6,6,0,11,11
1,1,at_home,other,father,0,no,yes,no,3,2,1,no,yes,T,1,1,3,5,yes,GT3,3,course,4,no,F,17,U,no,GP,5,5,6,9,11,11
1,1,at_home,other,mother,3,no,yes,no,2,2,1,yes,yes,T,3,2,3,4,no,LE3,3,other,10,yes,F,15,U,yes,GP,7,8,10,12,13,12
2,4,health,services,mother,0,yes,yes,yes,2,3,1,yes,yes,T,1,1,5,3,yes,GT3,2,home,2,yes,F,15,U,no,GP,15,14,15,14,14,14
3,3,other,other,father,0,no,no,no,2,2,1,yes,yes,T,2,1,5,4,yes,GT3,3,home,4,yes,F,16,U,no,GP,6,10,10,11,13,13
3,4,services,other,mother,0,yes,yes,no,2,2,1,yes,yes,T,2,1,5,5,yes,LE3,4,reputation,10,yes,M,16,U,no,GP,15,15,15,12,12,13
2,2,other,other,mother,0,no,yes,no,4,2,1,no,yes,T,1,1,3,4,no,LE3,4,home,0,yes,M,16,U,no,GP,12,12,11,13,12,13
4,4,other,teacher,mother,0,no,no,no,4,2,2,no,yes,A,1,1,1,4,yes,GT3,1,home,6,yes,F,17,U,yes,GP,6,5,6,10,13,13
2,3,services,other,mother,0,no,yes,no,2,2,1,yes,yes,A,1,1,1,4,yes,LE3,2,home,0,yes,M,15,U,no,GP,16,18,19,15,16,17
4,3,other,other,mother,0,yes,yes,no,1,2,1,yes,yes,T,1,1,5,5,yes,GT3,5,home,0,yes,M,15,U,no,GP,14,15,15,12,12,13
4,4,teacher,health,mother,0,no,yes,no,3,2,1,yes,yes,T,2,1,2,3,yes,GT3,3,reputation,0,yes,F,15,U,no,GP,10,8,9,14,14,14
1,2,services,other,father,0,yes,yes,no,2,3,3,no,yes,T,1,1,4,5,yes,GT3,2,reputation,4,yes,F,15,U,no,GP,10,12,12,10,12,13
4,4,health,services,father,0,yes,yes,no,3,1,1,yes,yes,T,3,1,5,4,yes,LE3,3,course,2,yes,M,15,U,no,GP,14,14,14,12,13,12
3,4,teacher,other,mother,0,no,yes,no,3,2,2,yes,yes,T,2,1,3,5,yes,GT3,4,course,2,yes,M,15,U,no,GP,10,10,11,12,12,13
2,2,other,other,other,0,no,yes,yes,2,3,1,no,yes,A,1,1,3,4,yes,GT3,5,home,0,yes,M,15,U,no,GP,14,16,16,14,14,15
4,4,health,other,mother,0,no,yes,no,4,1,1,no,yes,T,2,1,2,4,yes,GT3,4,home,4,yes,F,16,U,no,GP,14,14,14,17,17,17
4,4,services,services,mother,0,yes,yes,no,3,3,1,yes,yes,T,2,1,2,3,yes,GT3,2,reputation,6,yes,F,16,U,no,GP,13,14,14,13,13,14
3,3,other,other,mother,0,yes,no,no,2,2,3,no,yes,T,1,1,4,5,yes,GT3,3,reputation,4,yes,F,16,U,yes,GP,8,10,10,13,14,14
2,3,services,services,mother,3,yes,yes,no,5,1,1,no,yes,T,4,2,5,5,yes,GT3,5,course,16,yes,M,17,U,no,GP,6,5,5,8,8,7
3,4,health,other,father,0,yes,yes,no,3,1,1,yes,yes,T,3,1,5,3,no,LE3,1,home,4,yes,M,16,U,no,GP,8,10,10,12,12,12
3,4,teacher,other,mother,0,no,yes,no,1,2,1,no,yes,T,1,1,1,4,no,GT3,4,reputation,0,yes,M,15,U,no,GP,13,14,15,12,13,14
4,4,health,health,father,0,no,yes,no,2,1,1,yes,yes,T,1,1,5,5,yes,GT3,4,other,0,yes,M,15,U,no,GP,12,15,15,11,12,12
2,4,teacher,other,mother,0,yes,yes,no,1,2,1,no,yes,T,3,1,5,4,no,LE3,5,course,2,yes,M,16,U,no,GP,15,15,16,12,13,14
2,2,other,other,mother,0,yes,yes,no,4,2,2,no,yes,T,4,2,5,5,yes,LE3,4,reputation,0,yes,M,16,U,no,GP,13,13,12,10,10,10
4,2,services,health,mother,0,yes,yes,no,2,3,1,yes,yes,T,1,1,5,4,yes,GT3,3,course,2,yes,F,15,R,yes,GP,10,9,8,10,11,10
2,2,services,services,mother,2,no,yes,no,2,1,1,yes,yes,T,3,1,5,1,yes,GT3,2,home,14,no,F,16,U,no,GP,6,9,8,10,11,12
2,2,other,other,mother,0,no,yes,no,2,1,1,yes,yes,T,2,1,5,4,yes,GT3,2,home,2,yes,M,15,U,no,GP,12,12,11,11,12,12
2,4,health,services,mother,0,no,yes,no,4,1,1,yes,yes,T,4,2,1,2,no,GT3,2,other,4,yes,M,15,U,no,GP,15,16,15,11,11,11
4,3,services,other,mother,0,yes,yes,no,3,2,1,no,yes,A,1,1,5,5,yes,LE3,3,home,4,yes,M,16,U,yes,GP,11,11,11,12,12,13
4,4,teacher,teacher,mother,0,yes,yes,yes,5,2,1,yes,yes,T,5,5,5,4,yes,GT3,4,home,16,yes,M,16,U,no,GP,10,12,11,12,11,12
4,4,health,services,mother,0,no,yes,no,2,2,1,yes,yes,T,4,3,5,5,yes,GT3,4,home,0,no,M,15,U,no,GP,9,11,12,10,11,11
4,4,services,services,mother,0,yes,yes,no,1,2,2,no,yes,T,1,1,5,4,yes,GT3,3,reputation,0,yes,M,15,U,no,GP,17,16,17,15,15,15
3,4,teacher,at_home,mother,0,yes,yes,yes,2,2,1,no,yes,T,1,1,5,4,yes,GT3,5,course,0,yes,M,15,R,no,GP,17,16,16,13,14,15
3,3,other,other,mother,0,yes,yes,no,2,2,1,no,yes,T,1,1,2,5,no,LE3,3,course,0,no,M,15,U,no,GP,8,10,12,13,12,12
2,3,other,other,mother,0,no,yes,no,3,1,1,yes,yes,T,1,1,5,5,yes,GT3,4,home,0,no,M,16,U,no,GP,12,14,15,12,12,12
3,2,other,other,father,0,yes,no,no,1,1,2,no,yes,T,1,1,5,3,yes,GT3,5,other,0,yes,F,15,U,no,GP,8,7,6,11,11,11
3,4,teacher,services,mother,0,yes,yes,no,3,3,1,no,yes,T,1,1,4,5,yes,LE3,4,home,2,yes,M,15,U,no,GP,15,16,18,14,14,14
4,4,other,teacher,mother,0,yes,yes,yes,3,3,2,no,yes,A,1,1,5,2,yes,GT3,4,reputation,7,yes,M,16,R,no,GP,15,16,15,13,13,13
4,3,services,health,mother,0,yes,yes,no,2,3,1,yes,yes,T,1,1,5,4,yes,GT3,3,course,2,yes,F,15,R,yes,GP,12,12,11,11,12,12
2,2,at_home,other,mother,0,yes,no,no,1,1,1,yes,yes,T,1,1,2,4,yes,GT3,3,reputation,8,yes,F,15,R,yes,GP,14,13,13,14,13,12
2,2,other,other,mother,1,yes,yes,yes,3,2,2,no,yes,T,2,1,3,3,yes,LE3,3,home,25,no,F,16,U,no,GP,7,10,11,11,11,10
4,4,teacher,other,other,0,no,yes,yes,3,1,1,no,yes,T,4,2,5,5,yes,LE3,4,home,8,no,M,15,U,no,GP,12,12,12,10,11,11
4,4,services,teacher,father,0,yes,yes,no,3,2,1,no,yes,T,1,1,5,4,yes,GT3,3,course,2,yes,M,15,U,no,GP,19,18,18,14,15,15
2,2,services,services,father,0,no,yes,no,1,1,1,no,yes,T,1,1,1,5,yes,GT3,4,course,0,yes,M,15,U,yes,GP,8,8,11,9,10,10
2,2,other,at_home,father,1,yes,yes,no,3,2,2,no,yes,T,2,2,5,4,no,LE3,3,course,14,yes,F,16,U,yes,GP,10,10,9,10,11,11
3,4,other,other,mother,0,yes,yes,yes,2,2,1,yes,yes,A,1,1,5,5,yes,LE3,2,course,8,yes,F,15,U,yes,GP,8,8,6,10,11,11
3,3,other,services,mother,0,no,yes,no,5,2,1,no,yes,A,4,1,3,2,yes,LE3,3,home,12,yes,F,16,U,no,GP,11,12,11,13,12,13
3,4,health,services,mother,0,yes,yes,no,2,4,1,no,yes,T,1,1,2,4,no,GT3,2,reputation,4,yes,M,16,U,no,GP,19,19,20,17,17,17
2,4,teacher,other,mother,0,no,no,no,3,2,1,yes,yes,T,2,2,5,4,yes,GT3,3,home,2,yes,M,15,U,no,GP,15,15,14,11,12,13
4,4,services,teacher,father,1,yes,yes,no,4,2,1,no,yes,T,1,1,3,4,yes,GT3,4,other,2,no,F,15,U,yes,GP,7,7,7,13,12,12
2,2,services,services,mother,0,no,yes,no,3,2,3,yes,yes,T,3,2,4,4,yes,LE3,3,course,2,yes,F,16,U,no,GP,12,13,13,14,13,13
2,4,health,other,mother,0,no,yes,no,3,2,1,yes,yes,T,1,1,5,4,yes,LE3,3,other,2,yes,F,15,U,no,GP,11,13,13,16,14,16
2,4,health,health,father,1,no,no,no,5,1,2,no,yes,A,4,3,5,5,no,LE3,5,other,6,yes,M,15,U,no,GP,11,11,10,10,9,9
4,4,services,services,mother,0,no,yes,no,4,1,1,yes,yes,T,3,2,5,3,yes,GT3,3,course,0,yes,F,15,U,yes,GP,8,10,11,13,12,12
3,3,other,other,mother,0,no,yes,no,4,1,1,yes,yes,A,4,4,1,5,no,LE3,3,other,6,yes,F,15,U,no,GP,10,13,13,13,12,13
1,2,other,other,mother,0,yes,yes,yes,4,2,1,yes,yes,A,1,1,2,5,no,GT3,3,other,8,yes,F,16,U,no,GP,8,9,10,12,13,12
3,4,services,services,mother,0,yes,yes,no,2,2,1,yes,yes,A,1,1,1,4,yes,GT3,3,reputation,0,yes,F,15,U,no,GP,14,15,15,15,14,15
4,4,teacher,health,mother,0,yes,no,no,2,2,1,no,yes,T,1,1,5,3,yes,GT3,2,reputation,4,yes,M,15,U,no,GP,14,15,15,15,15,16
2,1,other,at_home,father,0,yes,yes,no,2,2,1,no,yes,T,1,1,5,4,yes,LE3,3,home,2,yes,M,15,U,yes,GP,9,10,9,14,13,14
2,4,services,other,mother,0,no,yes,no,3,2,1,no,yes,T,1,1,5,4,yes,GT3,2,course,2,yes,F,16,U,no,GP,15,16,16,16,15,16
4,4,health,teacher,mother,0,yes,no,no,4,2,1,no,yes,T,3,2,4,2,yes,GT3,4,other,6,yes,F,16,R,no,GP,10,11,11,17,16,16
1,1,services,services,father,0,yes,yes,yes,5,1,4,no,yes,T,5,5,5,5,yes,GT3,5,course,6,no,F,16,U,yes,GP,10,8,11,10,10,16
2,1,other,services,father,0,yes,yes,no,3,2,1,no,yes,T,1,1,1,4,no,LE3,4,reputation,4,yes,F,16,U,yes,GP,8,10,9,13,13,10
3,4,teacher,health,mother,0,yes,yes,no,4,3,1,yes,yes,T,4,2,4,3,yes,GT3,4,home,2,yes,F,16,U,yes,GP,10,9,9,14,13,13
3,4,services,services,father,0,yes,yes,yes,4,2,1,no,yes,T,4,2,2,4,no,LE3,4,reputation,0,yes,F,15,U,yes,GP,10,10,10,13,12,12
3,4,teacher,services,mother,0,yes,yes,no,3,2,3,no,yes,T,2,1,1,5,yes,LE3,4,course,2,yes,F,16,U,no,GP,16,15,15,16,15,16
4,4,other,services,mother,0,yes,yes,yes,3,4,1,no,yes,A,5,5,3,1,yes,GT3,3,reputation,4,no,M,15,U,no,GP,13,13,12,11,12,12
1,3,services,other,mother,0,no,yes,no,3,4,1,yes,yes,T,2,1,5,4,yes,GT3,3,course,4,yes,F,16,U,yes,GP,7,7,6,10,9,10
2,2,health,services,mother,0,no,yes,no,3,2,2,yes,yes,T,3,1,4,4,yes,LE3,1,reputation,2,yes,F,15,R,yes,GP,8,9,8,11,10,11
1,3,other,other,father,0,no,yes,no,2,4,2,no,yes,T,3,2,3,4,yes,LE3,4,reputation,12,no,F,15,R,no,GP,16,16,16,15,15,15
1,3,other,other,father,0,no,yes,no,2,4,2,yes,yes,T,1,1,5,4,yes,GT3,3,reputation,0,yes,M,16,U,no,GP,13,15,15,13,11,11
2,4,other,other,mother,0,no,yes,no,3,4,1,no,yes,T,1,1,3,3,no,GT3,3,course,0,yes,M,15,U,no,GP,10,10,10,11,9,10
1,1,other,other,mother,2,no,yes,yes,4,2,1,no,yes,T,4,2,5,3,yes,GT3,3,reputation,2,no,F,15,R,yes,GP,8,6,5,13,11,11
1,3,other,other,mother,0,yes,no,no,2,1,1,no,yes,T,2,2,5,5,no,GT3,3,reputation,2,yes,M,16,U,no,GP,12,12,14,13,13,14
3,3,other,services,mother,0,yes,yes,no,3,2,1,yes,yes,T,4,2,5,4,yes,GT3,3,home,54,yes,F,16,U,yes,GP,11,12,11,11,11,11
3,4,teacher,other,mother,0,yes,yes,no,3,2,1,yes,yes,T,3,2,5,4,yes,GT3,3,home,6,yes,M,15,U,no,GP,9,9,10,11,11,11
0,4,teacher,other,mother,0,yes,yes,no,3,4,2,no,yes,T,1,1,1,3,no,GT3,4,course,8,yes,M,15,U,no,GP,11,11,10,12,11,11
2,2,other,other,mother,0,no,yes,yes,3,4,1,yes,yes,T,3,1,3,5,no,GT3,2,reputation,0,yes,F,16,U,no,GP,11,11,11,13,13,13
1,2,other,other,mother,3,yes,yes,no,1,1,2,no,no,T,1,1,3,4,yes,GT3,5,home,2,yes,M,17,U,yes,GP,8,8,10,9,9,10
4,3,at_home,other,mother,0,no,yes,no,3,2,1,no,yes,T,2,1,3,2,yes,GT3,4,course,12,yes,F,16,U,no,GP,5,5,5,12,11,11
3,2,other,services,father,0,yes,yes,yes,2,1,1,yes,yes,T,3,1,3,3,yes,GT3,2,course,2,no,M,15,U,yes,GP,10,12,12,11,11,12
3,2,other,other,mother,0,no,yes,no,2,3,1,yes,yes,T,2,1,5,5,no,GT3,3,home,4,no,M,15,U,yes,GP,11,10,11,10,9,9
2,3,services,other,mother,0,no,yes,no,4,2,1,yes,yes,T,1,1,5,4,yes,LE3,4,reputation,10,yes,F,15,U,no,GP,7,6,6,12,11,11
2,2,services,services,mother,0,yes,yes,no,3,2,2,yes,yes,T,3,1,4,5,no,LE3,3,home,4,yes,M,15,U,no,GP,15,15,15,13,12,13
1,1,other,other,father,0,yes,yes,no,2,2,1,no,yes,T,3,2,4,4,yes,GT3,3,home,2,no,F,15,U,no,GP,9,10,10,13,12,12
4,4,services,services,father,2,no,yes,yes,4,2,2,yes,yes,T,3,2,5,4,no,GT3,4,reputation,6,yes,F,15,U,no,GP,7,9,8,12,11,12
2,2,at_home,other,mother,0,no,no,no,4,2,1,no,yes,T,2,1,2,4,yes,LE3,3,course,4,yes,F,16,U,no,GP,8,7,6,13,11,11
2,4,other,other,mother,0,yes,yes,no,3,3,1,no,yes,T,3,1,1,5,yes,GT3,3,reputation,4,yes,F,15,U,no,GP,13,14,14,15,15,15
2,2,services,other,father,1,yes,yes,no,2,2,2,yes,yes,T,1,1,3,4,no,GT3,4,reputation,12,no,M,16,U,no,GP,11,10,10,12,10,11
4,4,teacher,health,mother,0,no,no,no,3,2,1,no,yes,A,5,3,5,4,yes,LE3,1,reputation,18,yes,M,16,U,no,GP,8,6,7,9,9,10
3,3,other,other,mother,0,no,yes,yes,3,3,1,yes,yes,T,3,1,4,4,yes,GT3,3,home,0,yes,F,16,U,no,GP,7,7,8,9,11,11
3,4,services,other,mother,0,yes,yes,no,5,1,1,yes,yes,T,3,1,1,4,no,GT3,5,reputation,4,yes,F,15,U,no,GP,16,17,18,14,13,13
1,3,other,other,father,0,no,no,no,3,2,1,no,yes,T,3,2,2,3,yes,LE3,3,home,4,yes,F,16,U,yes,GP,7,6,6,12,13,12
2,4,teacher,services,mother,0,yes,yes,no,3,2,2,yes,yes,T,1,1,1,5,yes,GT3,3,home,0,yes,F,16,U,no,GP,11,10,10,13,14,14
2,2,services,health,mother,0,yes,yes,no,4,4,1,no,yes,T,1,1,4,4,yes,LE3,3,reputation,6,yes,M,15,U,no,GP,11,13,14,11,12,12
1,1,at_home,other,mother,1,yes,yes,no,2,4,2,yes,yes,T,1,1,1,3,yes,GT3,1,home,2,yes,F,15,R,yes,GP,7,10,10,13,13,13
3,4,services,other,mother,0,yes,yes,no,3,1,2,no,yes,T,1,1,4,3,yes,GT3,3,reputation,2,no,M,16,R,yes,GP,11,15,15,9,11,11
1,2,other,other,mother,0,no,no,yes,5,2,1,yes,yes,T,1,1,5,4,yes,GT3,3,course,2,yes,F,16,U,no,GP,8,9,10,13,12,12
4,4,other,other,mother,0,yes,yes,no,4,1,1,no,yes,T,2,1,1,5,no,GT3,3,reputation,6,no,F,16,U,no,GP,11,14,14,12,13,13
3,4,other,at_home,mother,0,no,yes,no,5,3,1,yes,yes,T,1,1,3,5,yes,GT3,3,course,0,yes,F,16,U,yes,GP,7,9,8,12,13,13
4,4,services,services,mother,0,yes,yes,no,5,1,1,yes,yes,T,5,5,4,4,yes,GT3,5,other,14,yes,M,16,U,yes,GP,7,7,5,9,9,8
4,4,services,teacher,father,0,yes,yes,yes,3,3,1,no,yes,T,1,1,4,4,yes,GT3,4,other,0,yes,M,16,U,no,GP,16,17,17,16,16,16
4,4,services,other,mother,0,yes,yes,no,3,1,1,no,yes,T,1,1,5,5,yes,GT3,3,course,4,no,M,15,U,no,GP,10,13,14,12,13,12
2,3,services,other,mother,0,no,yes,no,5,2,2,yes,yes,T,1,1,2,4,yes,GT3,3,home,26,yes,F,15,U,yes,GP,7,6,6,11,10,10
4,3,services,other,mother,0,yes,yes,no,4,2,1,yes,yes,A,1,1,1,5,yes,GT3,4,course,0,yes,M,15,U,no,GP,16,18,18,16,16,16
3,3,other,health,father,0,no,no,no,3,4,1,no,yes,A,1,1,4,4,no,GT3,3,reputation,10,yes,F,15,U,yes,GP,10,11,11,10,10,10
2,2,other,other,mother,0,no,yes,no,2,4,1,yes,yes,T,1,1,3,5,yes,GT3,1,course,8,yes,F,15,U,yes,GP,7,8,8,10,10,10
3,3,services,other,father,0,yes,yes,no,3,3,1,no,yes,T,1,1,5,5,yes,GT3,3,home,2,yes,M,16,U,no,GP,16,18,18,13,14,14
4,4,other,other,father,0,yes,yes,yes,5,4,4,yes,yes,T,5,3,1,1,yes,GT3,3,home,6,yes,M,15,R,no,GP,10,13,13,12,10,11
4,4,health,health,mother,0,yes,yes,yes,5,3,1,yes,yes,T,1,1,4,5,yes,LE3,4,other,4,yes,F,16,U,no,GP,14,15,16,15,15,14
4,4,teacher,teacher,mother,0,yes,yes,no,3,1,1,no,yes,A,1,1,4,5,no,LE3,5,course,6,yes,M,15,U,no,GP,18,19,19,13,14,14
3,3,services,other,father,1,yes,yes,no,2,3,1,no,yes,T,1,1,2,4,yes,GT3,1,reputation,0,yes,F,16,R,yes,GP,7,10,10,11,11,11
2,2,at_home,other,mother,1,yes,yes,no,2,2,1,no,yes,T,1,1,5,3,no,GT3,1,home,6,yes,F,16,U,yes,GP,10,13,13,8,10,10
2,4,teacher,other,mother,0,no,yes,no,2,1,1,no,yes,T,1,1,3,3,no,LE3,5,course,10,yes,M,15,U,no,GP,18,19,19,18,17,18
1,2,health,services,mother,0,yes,yes,yes,2,2,1,no,yes,T,1,1,5,5,no,GT3,4,reputation,8,yes,M,15,R,no,GP,9,9,9,10,9,10
4,4,teacher,teacher,father,0,yes,yes,no,4,2,1,no,yes,T,2,1,5,5,yes,GT3,4,course,2,yes,M,16,U,no,GP,15,15,16,16,14,14
4,4,other,teacher,father,0,yes,no,no,3,2,2,no,yes,T,1,1,2,4,yes,GT3,4,reputation,2,yes,M,15,U,no,GP,11,13,14,16,15,16
3,3,other,services,father,0,yes,yes,no,2,1,2,no,yes,T,1,1,5,5,no,GT3,4,home,0,yes,M,16,U,no,GP,13,14,13,14,14,15
3,1,other,other,father,1,yes,yes,no,4,2,3,no,yes,T,4,1,5,5,yes,GT3,2,course,20,yes,M,17,R,no,GP,9,7,8,12,11,11
4,3,other,other,father,0,no,yes,no,3,1,1,no,yes,T,2,1,4,3,no,GT3,4,reputation,6,yes,M,15,U,no,GP,14,13,13,14,13,14
2,1,at_home,services,mother,0,no,yes,no,3,2,1,no,yes,T,2,1,1,3,no,GT3,2,course,2,no,F,15,U,no,GP,16,15,15,14,14,14
2,2,services,services,father,0,yes,yes,no,4,4,1,yes,yes,T,2,1,5,5,yes,GT3,5,home,6,yes,M,15,U,no,GP,16,14,15,14,13,13
4,2,other,health,father,0,yes,yes,yes,2,2,2,yes,yes,T,2,1,5,4,yes,LE3,2,course,2,yes,F,16,U,no,GP,13,13,13,14,12,13
4,4,health,other,mother,0,yes,yes,no,4,1,1,no,yes,T,4,1,5,3,yes,GT3,4,course,18,yes,M,16,U,no,GP,14,11,13,12,13,13
2,2,other,other,mother,0,no,yes,yes,4,2,1,yes,yes,T,1,1,5,5,no,GT3,4,home,0,yes,F,16,U,no,GP,8,7,8,12,11,11
4,3,services,services,father,0,no,yes,no,5,1,1,no,yes,T,2,3,5,5,no,GT3,5,home,0,yes,M,15,U,yes,GP,13,13,12,9,9,9
4,3,other,other,mother,0,yes,yes,yes,2,2,1,no,yes,A,1,1,1,5,no,LE3,3,home,0,yes,F,15,U,yes,GP,7,10,11,10,11,11
1,0,at_home,other,other,3,no,no,no,2,2,1,no,no,T,1,1,5,3,yes,GT3,4,course,2,no,F,19,U,no,GP,7,8,9,9,10,11
4,4,teacher,teacher,mother,0,yes,yes,no,5,1,1,yes,yes,T,5,2,4,3,no,GT3,5,course,8,yes,M,16,R,no,GP,18,18,18,14,14,15
4,3,services,teacher,father,2,no,yes,yes,2,3,2,no,yes,T,2,2,5,4,yes,GT3,2,course,0,yes,F,15,R,no,GP,12,0,0,10,11,12
1,1,at_home,other,mother,0,yes,yes,yes,3,1,3,no,yes,T,2,1,4,4,yes,GT3,3,course,0,no,F,15,U,no,GP,8,0,0,11,12,13
2,2,other,other,father,0,no,yes,yes,4,1,1,no,yes,T,3,1,5,3,yes,LE3,4,course,12,yes,F,17,U,no,GP,10,13,12,13,12,12
4,3,services,other,father,0,no,yes,no,1,1,1,no,yes,A,4,1,5,3,no,GT3,2,course,16,yes,F,16,U,no,GP,12,11,11,15,13,14
4,3,at_home,teacher,mother,0,no,no,yes,3,2,4,no,yes,T,1,1,5,5,yes,GT3,3,course,0,yes,M,15,R,no,GP,9,0,0,12,11,11
4,4,services,at_home,mother,0,yes,yes,yes,3,3,1,no,yes,T,1,1,5,4,yes,GT3,3,course,0,yes,F,15,U,no,GP,11,0,0,13,14,15
4,3,at_home,other,mother,0,no,no,no,5,2,3,no,yes,T,4,2,5,5,no,GT3,4,course,0,yes,M,17,R,no,GP,10,0,0,10,9,10
3,3,other,other,other,2,yes,yes,yes,2,1,2,no,yes,A,1,1,5,4,yes,GT3,3,course,0,no,F,16,U,no,GP,4,0,0,9,9,10
1,1,services,other,mother,1,no,no,yes,4,2,1,no,yes,T,3,1,5,4,no,LE3,4,course,0,yes,M,16,U,no,GP,14,12,12,10,10,10
4,4,teacher,teacher,mother,0,yes,yes,no,2,1,2,no,yes,T,1,1,5,4,no,GT3,3,course,0,yes,F,15,U,no,GP,16,16,15,13,14,14
3,4,teacher,services,father,0,no,yes,no,2,4,2,no,yes,T,1,1,3,2,yes,GT3,2,course,0,yes,M,15,U,yes,GP,7,9,0,9,11,11
2,2,services,services,father,2,yes,yes,no,3,1,2,no,yes,T,2,2,2,2,yes,LE3,3,reputation,8,yes,M,16,U,no,GP,9,9,9,12,11,11
4,4,teacher,services,mother,0,yes,yes,no,2,3,1,yes,yes,T,1,1,5,4,yes,GT3,2,course,2,yes,F,15,U,no,GP,9,11,11,13,13,13
1,1,at_home,at_home,mother,0,no,yes,no,4,1,1,no,yes,T,3,3,1,3,no,LE3,4,course,2,yes,F,16,U,no,GP,14,14,13,10,11,11
1,2,other,other,mother,3,no,yes,no,5,1,1,no,yes,T,2,1,5,5,yes,GT3,4,home,0,yes,M,17,U,no,GP,5,0,0,9,7,6
1,1,other,services,father,0,no,yes,no,2,2,1,yes,yes,T,2,1,5,4,yes,GT3,4,course,0,yes,F,15,U,no,GP,8,11,11,12,12,12
2,3,health,services,father,3,no,yes,no,2,2,1,no,yes,T,1,1,3,3,yes,GT3,3,home,0,yes,F,15,U,no,GP,6,7,0,11,11,11
2,1,at_home,other,mother,0,no,yes,no,2,2,1,yes,yes,T,1,1,5,4,yes,GT3,3,course,2,no,F,15,U,no,GP,10,11,11,13,12,13
4,4,teacher,teacher,mother,0,no,yes,yes,2,1,1,no,no,T,1,2,5,3,yes,GT3,3,course,0,yes,M,16,U,no,GP,7,6,0,9,9,8
1,2,services,other,mother,3,no,yes,no,5,1,4,no,yes,A,5,2,5,4,no,LE3,5,course,0,yes,M,15,U,no,GP,8,9,10,12,11,11
1,1,other,other,mother,3,no,yes,yes,5,1,1,no,no,T,5,2,4,2,no,LE3,3,course,0,yes,M,18,U,no,GP,6,5,0,11,9,0
1,2,at_home,other,mother,1,yes,no,yes,4,1,1,no,yes,T,5,3,5,4,no,LE3,4,course,6,yes,M,16,U,no,GP,12,13,14,9,10,10
3,3,services,services,other,2,yes,yes,yes,1,3,2,yes,yes,T,3,2,3,4,yes,GT3,2,reputation,8,yes,F,15,R,no,GP,10,10,10,13,13,13
2,3,services,at_home,mother,3,no,yes,yes,4,1,1,no,no,T,1,1,4,4,yes,GT3,5,home,0,yes,M,19,U,no,GP,5,0,0,11,9,11
4,4,other,teacher,mother,0,no,no,yes,1,1,1,no,yes,T,1,1,4,4,yes,GT3,2,course,0,yes,F,17,U,yes,GP,11,11,12,13,13,13
3,2,at_home,services,mother,0,yes,no,no,4,2,1,yes,yes,T,1,1,1,4,no,GT3,4,course,2,yes,M,15,R,yes,GP,11,8,8,7,8,8
2,1,other,other,mother,0,no,no,no,2,1,1,no,yes,T,3,3,5,2,no,LE3,2,reputation,8,yes,M,17,R,no,GP,16,12,13,9,8,10
1,1,at_home,other,mother,3,yes,no,no,5,1,3,no,yes,T,5,1,4,5,yes,GT3,2,course,6,no,F,18,R,no,GP,9,8,10,11,10,11
2,2,at_home,other,mother,0,no,no,no,2,1,3,no,yes,T,2,1,3,4,no,GT3,2,course,2,no,M,16,R,no,GP,17,15,15,12,10,11
3,3,other,services,father,1,no,yes,yes,5,2,1,yes,yes,T,4,4,5,4,yes,GT3,5,course,4,yes,M,16,U,no,GP,10,12,12,10,10,1
1,2,at_home,other,mother,2,yes,yes,yes,2,1,2,no,no,T,2,2,5,3,no,LE3,3,course,0,yes,M,17,R,no,GP,7,6,0,8,8,9
1,1,other,services,mother,3,yes,no,yes,5,2,4,no,no,T,5,1,5,5,no,LE3,3,course,0,yes,M,17,R,no,GP,5,8,7,8,8,8
2,2,other,other,father,0,no,yes,no,5,2,1,no,no,T,4,2,4,4,no,GT3,3,course,4,yes,M,16,U,no,GP,10,10,10,9,10,11
2,4,health,services,father,0,no,yes,yes,3,2,1,yes,yes,T,1,1,3,4,no,GT3,2,home,0,yes,F,16,U,no,GP,14,15,16,17,17,18
2,2,other,other,mother,0,no,yes,no,5,2,1,yes,yes,T,1,1,4,5,yes,GT3,1,home,0,no,F,16,U,no,GP,6,7,0,12,12,13
4,4,health,health,mother,0,no,yes,yes,2,2,1,yes,yes,T,1,1,3,4,yes,GT3,4,reputation,0,yes,F,16,U,no,GP,14,14,14,16,16,17
4,3,other,other,father,2,yes,yes,no,5,1,3,no,yes,T,4,2,2,3,yes,GT3,4,course,0,no,M,16,U,no,GP,6,5,0,9,9,10
0,1,other,other,mother,0,yes,yes,yes,2,2,2,yes,yes,T,1,1,3,4,yes,GT3,3,reputation,2,yes,M,16,U,no,GP,13,15,16,16,17,18
4,4,teacher,other,mother,0,yes,yes,no,4,2,1,yes,yes,T,3,1,5,4,yes,LE3,4,reputation,0,yes,M,17,U,no,GP,13,11,10,11,9,10
3,1,at_home,services,mother,3,yes,yes,yes,5,2,1,no,yes,T,1,1,3,4,no,GT3,3,home,0,no,F,16,U,no,GP,8,7,0,14,13,13
3,3,other,other,mother,0,yes,yes,no,5,2,2,yes,yes,T,1,1,4,4,yes,LE3,4,reputation,4,yes,F,16,U,no,GP,10,11,9,14,14,15
3,4,teacher,other,mother,0,yes,yes,no,4,2,2,yes,yes,T,4,4,4,4,no,LE3,4,course,4,yes,M,17,U,no,GP,10,9,9,10,11,11
2,2,services,other,mother,0,yes,yes,no,4,2,2,yes,yes,T,4,1,5,3,no,GT3,4,reputation,2,no,F,16,U,no,GP,13,13,11,13,12,14
3,3,other,other,father,0,yes,yes,no,4,2,1,no,yes,T,4,1,4,4,no,GT3,3,reputation,4,no,M,17,U,no,GP,6,5,6,11,9,10
2,4,teacher,services,mother,0,yes,yes,yes,3,1,1,no,yes,T,4,3,3,4,yes,GT3,3,other,10,yes,M,16,R,no,GP,10,8,9,10,9,11
3,4,other,other,mother,0,yes,yes,yes,3,2,1,no,yes,T,1,1,2,5,yes,GT3,2,course,4,yes,M,17,U,no,GP,10,10,11,11,11,13
3,4,teacher,other,mother,0,yes,yes,no,3,2,1,yes,yes,T,3,2,3,3,yes,GT3,4,home,10,yes,M,16,U,no,GP,9,8,8,11,10,11
3,3,services,other,mother,0,yes,yes,yes,3,2,1,yes,yes,T,2,1,3,4,no,GT3,2,home,2,yes,M,16,U,no,GP,12,13,12,11,12,13
4,2,services,services,father,0,yes,no,no,2,2,1,no,yes,T,3,2,5,5,yes,GT3,4,reputation,0,yes,F,17,U,no,GP,16,17,17,17,18,17
3,3,other,other,mother,0,yes,yes,yes,3,2,1,no,yes,T,3,2,1,5,yes,LE3,3,reputation,56,yes,F,17,U,no,GP,9,9,8,14,13,14
2,3,other,other,mother,0,no,yes,no,2,2,1,yes,yes,T,2,1,1,1,yes,GT3,2,reputation,14,yes,F,16,U,no,GP,12,13,12,14,15,16
3,3,services,services,mother,0,yes,yes,yes,4,2,1,no,yes,T,3,2,4,4,yes,GT3,3,other,12,yes,M,17,U,no,GP,12,12,11,11,13,14
2,1,services,services,mother,0,yes,yes,yes,3,1,1,yes,yes,T,2,1,3,3,yes,GT3,3,other,2,yes,M,16,U,no,GP,11,12,11,10,9,11
1,2,other,other,mother,0,yes,yes,yes,3,2,1,yes,yes,T,2,1,5,4,no,LE3,2,course,0,yes,M,16,U,no,GP,15,15,15,13,14,16
3,3,health,other,mother,0,no,yes,yes,3,2,1,no,yes,A,3,1,3,3,yes,GT3,3,reputation,6,no,F,17,U,no,GP,8,7,9,12,13,14
2,1,at_home,other,mother,0,no,no,no,3,2,1,no,yes,T,5,1,3,3,no,GT3,1,home,4,yes,M,17,R,no,GP,8,9,10,9,9,10
3,2,services,services,mother,0,no,yes,no,3,2,1,no,yes,T,1,1,2,4,no,GT3,3,course,10,yes,F,16,U,no,GP,11,12,13,12,12,13
1,1,at_home,services,mother,0,yes,yes,no,3,2,1,no,yes,T,1,1,3,5,no,GT3,3,course,0,yes,F,17,U,no,GP,8,8,9,12,11,12
2,1,at_home,services,other,0,yes,yes,no,4,2,2,yes,yes,T,5,4,5,4,no,GT3,4,other,12,no,M,17,U,no,GP,7,8,8,10,11,12
3,3,services,services,mother,0,yes,yes,no,2,1,1,no,yes,T,4,3,5,4,yes,GT3,3,reputation,8,yes,M,16,R,no,GP,8,9,10,11,10,10
3,2,other,other,father,0,no,yes,no,3,1,2,no,yes,T,1,1,3,5,no,GT3,3,home,0,yes,M,16,U,no,GP,13,14,14,13,12,12
4,2,services,services,father,0,yes,yes,yes,2,2,1,no,yes,T,1,1,5,4,no,LE3,3,course,0,yes,F,17,U,no,GP,14,15,15,14,15,16
4,4,services,teacher,mother,0,no,yes,no,3,1,1,no,yes,T,2,1,5,5,no,GT3,2,home,4,yes,M,17,U,no,GP,17,15,16,13,13,14
3,3,teacher,other,father,0,yes,yes,no,4,1,3,yes,yes,T,5,3,3,3,yes,LE3,3,home,8,yes,M,16,R,no,GP,9,9,10,10,11,12
4,4,services,teacher,mother,1,no,yes,no,4,1,2,no,yes,T,3,2,2,4,yes,GT3,2,home,24,yes,F,17,U,no,GP,18,18,18,14,15,16
4,4,teacher,teacher,mother,0,no,yes,no,2,2,1,yes,yes,T,2,1,3,4,yes,LE3,5,reputation,0,yes,F,16,U,no,GP,9,9,10,11,10,11
3,4,health,other,mother,0,yes,yes,no,5,2,1,no,yes,T,5,1,2,4,yes,GT3,3,home,2,yes,F,16,U,no,GP,16,16,16,14,14,15
3,2,other,other,mother,0,yes,no,no,3,2,1,yes,yes,T,3,1,4,4,yes,GT3,4,reputation,6,yes,F,16,U,yes,GP,8,10,10,11,12,12
1,1,other,other,mother,0,no,no,no,4,2,1,yes,yes,T,3,1,1,4,yes,GT3,4,course,4,no,F,17,U,no,GP,9,9,10,14,15,15
2,2,other,other,mother,0,no,yes,no,2,1,1,no,yes,T,2,1,3,5,yes,GT3,3,reputation,18,yes,F,17,R,no,GP,7,6,6,13,13,13
2,2,services,services,mother,0,yes,yes,no,5,4,2,yes,yes,T,1,1,5,5,yes,GT3,3,reputation,6,no,F,16,R,no,GP,10,10,11,13,13,13
4,3,at_home,services,mother,1,no,yes,yes,3,3,1,yes,yes,T,4,3,5,4,yes,GT3,4,home,28,yes,F,17,U,no,GP,10,9,9,8,9,8
1,3,services,other,mother,3,no,yes,no,3,2,1,yes,yes,A,2,2,4,2,yes,GT3,3,course,5,yes,F,16,U,no,GP,7,7,7,11,11,12
3,4,teacher,other,mother,0,yes,yes,yes,2,2,1,yes,yes,T,1,1,1,1,no,GT3,3,other,10,yes,F,16,U,no,GP,11,12,13,14,15,15
1,1,at_home,other,mother,0,no,no,no,2,1,2,yes,yes,T,4,1,5,4,yes,GT3,3,home,6,yes,F,16,U,no,GP,9,9,10,12,13,13
3,4,teacher,other,mother,0,yes,yes,yes,2,3,2,yes,yes,T,1,1,4,4,yes,GT3,4,reputation,6,yes,F,17,R,no,GP,7,7,7,11,12,12
3,3,other,other,other,0,yes,yes,no,3,4,1,yes,yes,T,2,1,3,4,yes,GT3,3,reputation,10,yes,F,19,U,no,GP,8,8,8,12,12,12
4,4,services,other,mother,0,no,yes,yes,5,2,1,yes,yes,T,5,4,3,5,yes,LE3,3,home,13,yes,M,17,U,no,GP,12,12,13,13,12,12
2,2,other,other,mother,0,no,yes,no,4,2,1,yes,yes,A,1,1,4,3,yes,GT3,3,reputation,0,yes,F,16,U,yes,GP,12,13,14,13,13,13
2,2,services,other,mother,1,yes,yes,no,4,2,1,yes,yes,T,4,2,5,4,yes,GT3,4,home,15,yes,M,18,U,no,GP,6,7,8,12,11,11
4,4,services,other,mother,0,no,no,no,1,1,1,yes,yes,T,2,1,3,5,yes,LE3,2,other,12,yes,F,17,R,no,GP,8,10,10,12,11,11
2,3,other,other,mother,0,no,yes,no,4,2,2,yes,yes,T,3,1,1,4,no,LE3,4,reputation,2,yes,F,17,U,no,GP,14,15,15,14,16,15
3,4,other,other,mother,2,no,yes,yes,5,2,1,yes,yes,T,4,2,1,3,no,GT3,4,reputation,22,yes,F,17,U,no,GP,6,6,4,11,9,10
3,3,services,health,father,1,no,yes,no,4,2,1,yes,yes,T,4,2,4,3,yes,LE3,2,home,13,yes,M,18,U,no,GP,6,6,8,10,10,10
3,2,at_home,other,father,0,no,no,no,3,1,2,yes,yes,T,4,1,3,3,yes,GT3,3,home,3,yes,F,17,U,no,GP,7,7,8,12,13,13
2,2,at_home,at_home,mother,0,yes,yes,no,3,3,1,yes,yes,T,1,1,4,4,yes,GT3,3,course,4,yes,F,17,U,no,GP,9,10,10,12,12,13
1,2,at_home,services,mother,0,yes,yes,no,5,2,2,no,yes,T,2,1,5,4,yes,GT3,2,reputation,2,yes,F,17,R,no,GP,6,6,6,11,10,11
1,1,at_home,other,mother,1,yes,no,yes,4,3,1,no,yes,T,1,1,5,4,yes,GT3,3,reputation,0,yes,F,17,U,no,GP,6,5,0,12,12,12
3,2,services,teacher,mother,0,no,yes,no,1,2,1,no,yes,T,1,1,3,2,no,GT3,3,other,2,yes,F,16,U,yes,GP,16,16,17,13,13,14
2,2,other,other,mother,0,no,yes,no,3,2,2,yes,yes,T,5,5,4,3,yes,GT3,3,home,0,yes,M,18,U,no,GP,12,13,13,10,9,10
4,4,teacher,services,mother,0,yes,yes,no,2,3,1,no,yes,T,1,1,5,5,yes,GT3,3,home,0,no,F,16,U,no,GP,13,13,14,15,16,16
1,3,other,other,mother,1,yes,yes,yes,3,2,1,no,yes,T,1,1,4,5,no,GT3,3,reputation,16,yes,F,18,R,no,GP,9,8,7,8,8,8
2,3,other,other,mother,0,yes,yes,no,4,2,1,no,yes,T,3,1,3,5,no,GT3,3,course,10,no,F,17,U,no,GP,16,15,15,17,18,17
3,2,services,services,father,0,no,yes,no,3,2,1,yes,yes,T,3,1,3,5,yes,LE3,3,reputation,2,no,M,17,U,no,GP,12,11,12,10,11,11
1,2,at_home,other,mother,0,yes,yes,yes,2,2,4,yes,yes,T,5,4,3,4,yes,LE3,3,course,14,yes,M,18,U,yes,GP,10,8,9,9,10,11
1,2,other,other,mother,0,yes,yes,yes,3,3,2,no,yes,A,2,1,3,3,no,GT3,2,course,10,yes,F,17,U,no,GP,12,10,12,15,15,16
3,4,health,other,father,0,yes,yes,yes,3,2,1,no,yes,T,2,1,3,3,no,LE3,2,reputation,14,yes,F,17,U,no,GP,13,13,14,14,12,12
2,2,other,other,father,0,yes,yes,no,2,2,2,yes,yes,T,1,1,1,4,yes,GT3,5,course,4,yes,M,17,R,no,GP,11,11,11,12,13,13
4,4,teacher,teacher,mother,0,yes,yes,yes,5,2,1,no,yes,T,3,1,2,4,yes,GT3,5,reputation,14,yes,M,17,U,yes,GP,11,9,9,13,13,13
4,4,health,other,father,0,yes,yes,no,4,2,1,yes,yes,T,4,2,1,4,yes,GT3,2,reputation,2,yes,M,16,U,no,GP,14,13,13,13,13,14
1,1,other,other,mother,0,no,yes,no,2,2,2,yes,yes,T,1,1,5,3,yes,LE3,4,home,18,yes,M,16,U,no,GP,9,7,6,9,9,9
2,3,at_home,other,mother,0,yes,yes,yes,3,3,2,no,yes,T,3,1,2,5,no,GT3,3,reputation,10,yes,M,16,U,no,GP,11,9,10,12,12,12
2,2,other,other,father,0,yes,yes,yes,2,2,1,yes,yes,T,5,5,4,4,no,LE3,4,home,4,no,M,17,U,no,GP,14,13,13,16,16,16
1,2,other,other,mother,0,no,yes,yes,2,1,1,no,yes,T,1,1,5,4,no,GT3,5,home,20,yes,F,16,U,no,GP,13,12,12,9,10,10
1,2,at_home,services,mother,0,yes,no,no,1,2,3,no,yes,T,1,1,3,2,no,GT3,1,course,2,yes,F,17,R,no,GP,13,11,11,13,13,13
2,2,other,services,father,1,no,yes,no,4,2,1,no,no,T,5,3,2,5,no,GT3,5,reputation,0,yes,M,18,U,no,GP,7,7,0,8,7,8
3,4,health,other,mother,0,yes,yes,yes,5,2,2,no,yes,T,4,1,5,2,no,LE3,5,course,14,yes,M,17,U,no,GP,12,12,12,15,15,15
4,4,teacher,other,mother,0,no,yes,no,3,2,2,yes,yes,A,3,2,4,3,yes,LE3,3,course,2,yes,M,17,R,no,GP,10,11,12,12,12,12
3,4,teacher,other,mother,0,yes,yes,no,5,1,1,no,yes,T,1,1,3,5,no,LE3,4,course,0,no,M,16,U,no,GP,6,0,0,14,14,15
4,4,services,services,mother,0,yes,yes,no,2,1,1,no,yes,T,2,1,5,5,no,GT3,3,course,0,yes,M,16,U,no,GP,13,12,12,14,15,15
1,2,other,other,other,0,no,yes,yes,4,3,2,yes,yes,T,1,1,3,4,yes,GT3,4,course,0,no,F,18,U,no,GP,7,0,0,12,10,11
1,2,other,other,mother,0,no,yes,no,3,1,3,no,yes,T,1,1,4,4,no,GT3,3,course,6,yes,M,16,U,no,GP,18,18,18,15,16,16
3,2,other,other,father,0,no,yes,no,2,1,2,no,yes,T,1,1,2,5,no,GT3,2,course,4,yes,M,17,U,no,GP,12,12,13,9,12,13
1,3,services,services,mother,3,no,yes,yes,5,1,1,no,no,T,5,5,1,5,no,GT3,4,other,16,no,M,22,U,no,GP,6,8,8,7,8,5
3,3,other,services,mother,1,no,yes,yes,3,2,1,no,yes,T,3,1,5,4,yes,LE3,3,course,8,yes,M,18,R,no,GP,3,5,5,10,9,10
2,0,other,other,mother,0,no,yes,no,2,1,1,yes,yes,T,4,2,5,4,no,GT3,3,other,0,no,M,16,U,no,GP,13,15,15,11,12,11
2,3,services,other,mother,1,no,yes,no,5,1,2,no,no,T,4,2,5,4,no,GT3,4,course,0,yes,M,18,U,no,GP,6,8,8,7,8,7
3,3,at_home,other,other,0,no,yes,no,3,2,3,no,yes,T,3,1,2,5,yes,GT3,3,reputation,6,no,M,16,U,yes,GP,7,10,10,9,11,10
1,2,services,services,mother,1,no,yes,no,5,1,1,no,no,T,5,2,5,3,no,GT3,2,other,4,no,M,18,U,no,GP,6,9,8,7,8,6
1,2,other,other,mother,0,yes,no,no,2,1,2,no,yes,T,3,1,3,3,no,GT3,3,course,0,no,M,16,R,no,GP,8,9,8,14,13,12
1,2,other,other,mother,0,no,yes,no,2,1,1,no,yes,T,4,2,5,4,no,GT3,4,course,0,no,M,17,R,no,GP,8,12,12,12,12,13
1,1,health,other,mother,1,yes,yes,no,4,1,2,no,yes,T,2,1,5,4,yes,LE3,4,course,2,yes,M,17,U,no,GP,7,9,8,9,10,10
2,4,teacher,services,mother,0,yes,yes,no,3,4,1,yes,yes,T,1,1,4,4,yes,LE3,2,reputation,6,yes,F,17,U,no,GP,14,12,13,14,15,17
3,4,services,at_home,mother,0,no,yes,no,1,2,1,no,yes,A,1,1,1,4,yes,LE3,3,reputation,12,yes,M,19,U,no,GP,11,11,11,11,13,14
1,2,other,other,mother,0,yes,yes,no,4,2,1,no,yes,T,2,1,4,5,no,GT3,2,home,8,yes,M,18,U,no,GP,15,14,14,16,16,16
2,2,services,services,father,0,yes,yes,yes,1,4,1,yes,yes,T,1,1,2,3,no,LE3,4,course,0,yes,F,17,U,no,GP,10,9,0,10,11,12
3,4,services,other,father,0,no,yes,yes,2,2,1,yes,yes,T,3,1,2,3,yes,GT3,1,home,21,yes,F,18,U,no,GP,17,18,18,15,15,15
3,4,teacher,other,mother,0,no,yes,no,2,2,1,yes,yes,T,1,1,3,4,yes,GT3,3,course,2,no,M,18,U,no,GP,8,8,8,10,10,11
2,3,other,other,mother,0,yes,no,no,2,3,1,no,yes,T,1,1,3,5,no,GT3,3,course,1,no,M,18,R,no,GP,13,12,12,10,11,12
3,3,other,other,mother,0,yes,no,no,3,3,1,no,yes,T,1,1,4,3,no,GT3,2,home,4,no,F,17,U,no,GP,10,9,9,15,12,13
2,2,at_home,services,mother,0,yes,yes,yes,3,3,1,yes,yes,T,1,1,3,4,yes,GT3,3,home,0,yes,F,18,U,no,GP,9,10,0,11,12,13
4,3,other,other,mother,0,yes,yes,no,5,2,2,yes,yes,A,4,3,1,4,yes,LE3,2,reputation,13,yes,M,18,R,no,GP,17,17,17,15,16,16
1,3,services,other,mother,0,yes,yes,yes,4,2,1,yes,yes,T,4,3,5,5,no,GT3,4,other,2,yes,M,17,U,no,GP,9,9,10,11,11,14
4,4,teacher,other,mother,0,yes,yes,no,4,2,2,yes,yes,T,2,2,4,4,no,GT3,3,reputation,8,yes,F,18,R,no,GP,12,10,11,10,11,12
2,4,health,other,father,0,yes,yes,yes,5,2,1,yes,yes,T,3,1,5,5,yes,GT3,4,reputation,10,yes,M,18,U,no,GP,10,9,10,10,12,14
1,2,other,other,mother,0,no,yes,yes,5,2,2,no,no,T,2,1,3,4,yes,GT3,3,reputation,0,yes,F,18,R,no,GP,6,0,0,8,9,10
3,3,other,services,other,2,yes,yes,no,5,2,1,yes,yes,T,3,3,5,4,yes,GT3,3,home,15,yes,F,19,U,no,GP,9,9,9,11,12,12
3,2,other,services,father,0,yes,yes,yes,5,4,1,yes,yes,T,3,1,2,4,yes,GT3,5,reputation,4,yes,F,18,U,no,GP,15,14,14,16,16,16
1,1,other,other,mother,0,no,no,no,3,2,2,yes,yes,T,1,1,3,4,yes,LE3,4,home,2,no,F,18,U,no,GP,11,11,11,13,13,13
2,1,at_home,at_home,mother,0,yes,no,yes,2,2,1,yes,yes,T,2,2,1,3,yes,GT3,5,home,2,no,M,17,R,no,GP,15,14,14,16,17,18
4,2,at_home,health,mother,0,no,yes,yes,3,2,2,yes,yes,T,1,1,1,4,yes,GT3,3,reputation,2,yes,F,17,U,no,GP,10,10,10,15,16,16
2,2,services,other,mother,0,no,yes,yes,4,2,2,yes,yes,T,3,2,5,4,yes,LE3,4,course,6,yes,F,17,U,yes,GP,12,12,12,12,12,12
2,3,other,services,mother,0,no,yes,yes,1,2,2,no,no,A,1,1,5,4,no,GT3,1,home,75,no,F,18,R,no,GP,10,9,9,12,9,10
4,4,teacher,services,mother,0,yes,yes,no,4,1,2,yes,yes,T,4,1,3,3,no,GT3,2,home,22,yes,M,18,U,no,GP,9,9,9,11,12,12
4,4,health,health,father,1,yes,yes,yes,4,2,1,no,yes,T,1,1,4,2,yes,GT3,4,reputation,15,yes,F,18,U,yes,GP,9,8,8,14,12,13
3,4,teacher,services,mother,0,yes,yes,no,3,1,2,yes,yes,T,2,1,1,4,no,LE3,2,course,8,yes,M,18,U,no,GP,10,11,10,10,10,10
1,4,services,other,mother,0,yes,yes,yes,4,1,2,yes,yes,A,4,2,5,4,no,LE3,5,home,30,yes,M,17,U,no,GP,8,8,8,11,11,10
2,3,teacher,services,mother,1,no,yes,no,4,1,1,no,yes,A,4,3,3,4,no,LE3,4,home,19,yes,M,17,U,no,GP,11,9,10,13,13,13
1,1,at_home,other,mother,0,yes,no,no,2,4,2,yes,yes,T,1,1,3,5,yes,LE3,2,reputation,1,yes,F,18,R,no,GP,12,12,12,17,17,18
1,1,other,other,mother,0,yes,yes,no,4,2,2,no,yes,T,1,1,4,5,no,GT3,4,home,4,yes,F,18,U,yes,GP,8,9,10,12,13,13
2,2,other,other,mother,0,no,yes,no,5,2,1,no,yes,T,2,1,5,5,yes,GT3,4,course,4,no,F,17,U,no,GP,10,9,11,12,12,14
1,1,other,other,father,0,no,yes,no,3,2,1,yes,yes,T,2,1,4,4,no,GT3,3,reputation,2,no,M,17,U,no,GP,12,10,11,12,12,12
2,2,at_home,at_home,mother,0,no,yes,no,3,3,1,yes,yes,T,2,1,2,4,yes,GT3,3,other,5,yes,F,18,U,no,GP,18,18,19,18,18,18
1,1,services,teacher,mother,0,no,yes,no,3,3,1,yes,yes,T,1,1,3,4,yes,GT3,3,reputation,6,yes,F,17,U,no,GP,13,12,12,13,13,14
1,2,services,services,mother,0,yes,yes,no,4,3,1,yes,yes,T,3,1,2,4,no,GT3,2,reputation,6,yes,M,18,U,no,GP,15,14,14,14,15,15
4,4,teacher,teacher,mother,0,yes,yes,no,3,2,1,yes,yes,A,1,1,2,5,yes,LE3,4,reputation,9,yes,M,18,U,no,GP,15,13,15,17,17,17
2,4,teacher,other,mother,0,yes,yes,yes,2,2,1,yes,yes,T,4,1,5,4,yes,GT3,3,home,11,yes,M,18,U,no,GP,12,11,11,15,16,16
3,4,health,services,mother,0,no,yes,no,2,3,1,yes,yes,T,2,1,3,4,yes,GT3,2,reputation,0,yes,F,17,U,no,GP,15,15,15,17,18,18
1,3,services,other,mother,0,no,no,no,2,4,2,yes,yes,T,1,1,3,3,yes,LE3,1,reputation,6,yes,F,17,R,no,GP,18,18,18,18,19,19
2,3,services,other,mother,0,yes,yes,no,2,3,2,yes,yes,T,1,1,4,5,yes,LE3,4,reputation,8,yes,M,18,R,no,GP,14,13,14,14,15,15
3,3,health,other,mother,0,no,yes,no,3,1,1,yes,yes,T,3,1,5,4,yes,GT3,4,home,4,yes,M,17,U,no,GP,14,12,11,14,15,15
4,4,health,other,other,0,yes,yes,no,4,2,2,yes,yes,T,3,2,2,2,yes,GT3,3,reputation,0,yes,F,19,U,no,GP,10,9,0,14,13,13
3,4,other,other,other,0,no,yes,yes,5,2,2,yes,yes,T,2,1,2,4,yes,LE3,4,home,10,yes,F,18,U,no,GP,10,8,8,13,14,14
3,4,other,other,father,0,no,yes,no,3,4,1,yes,yes,T,1,1,3,4,yes,GT3,3,reputation,0,yes,F,18,U,no,GP,14,13,14,16,17,17
4,4,teacher,teacher,mother,0,no,yes,yes,2,1,1,yes,yes,T,2,2,1,1,yes,LE3,4,home,5,yes,M,18,U,no,GP,16,15,16,18,18,17
4,4,health,other,mother,0,no,yes,yes,4,2,1,no,yes,A,1,1,4,4,yes,LE3,2,home,14,yes,F,18,U,no,GP,12,10,11,14,15,15
4,4,other,teacher,father,0,no,yes,no,1,1,2,yes,yes,T,2,2,5,4,no,LE3,1,home,0,yes,M,17,U,no,GP,11,11,10,12,13,13
2,4,other,other,mother,0,no,yes,no,3,3,2,yes,yes,T,1,1,3,4,yes,GT3,3,reputation,0,yes,F,17,U,no,GP,15,12,14,16,16,16
2,3,health,health,father,0,yes,yes,no,2,4,1,yes,yes,T,2,1,5,5,yes,GT3,2,reputation,0,no,F,17,U,no,GP,17,17,18,18,18,18
2,3,services,other,other,0,yes,no,no,3,1,1,no,yes,A,1,1,5,5,no,GT3,5,course,0,yes,M,20,U,no,GP,17,18,18,14,15,15
3,3,other,services,father,1,yes,no,yes,3,2,1,no,yes,T,2,1,5,4,no,GT3,5,reputation,0,yes,M,19,R,no,GP,15,12,12,10,10,11
1,2,services,other,mother,0,yes,yes,no,3,2,2,yes,yes,T,2,1,1,5,yes,GT3,3,course,0,yes,F,18,U,no,GP,8,8,0,12,12,15
3,4,other,other,mother,0,yes,yes,yes,4,3,1,yes,yes,T,1,1,5,4,yes,GT3,3,course,9,yes,F,18,U,no,GP,9,10,9,14,15,17
4,3,at_home,services,father,0,yes,yes,no,4,3,1,yes,yes,T,5,2,5,4,yes,GT3,3,course,0,no,F,17,R,no,GP,11,11,10,15,15,17
4,4,teacher,other,mother,0,no,yes,no,4,2,1,yes,yes,T,3,3,5,4,yes,GT3,4,course,2,yes,F,18,U,no,GP,11,11,11,12,11,13
3,4,services,services,mother,0,no,yes,yes,2,2,1,yes,yes,A,2,1,5,5,yes,GT3,2,course,23,yes,F,17,U,no,GP,13,13,13,15,14,17
2,2,other,other,mother,0,no,no,yes,2,2,1,no,yes,T,1,1,3,4,yes,GT3,2,course,12,yes,F,17,U,no,GP,11,9,9,14,13,13
2,2,services,services,mother,0,yes,yes,no,2,3,1,yes,yes,T,2,2,3,3,yes,LE3,3,course,3,yes,F,17,R,no,GP,11,11,11,11,11,10
1,3,services,services,father,0,no,yes,no,3,3,1,no,yes,T,3,2,5,3,yes,GT3,4,course,1,no,F,17,U,no,GP,12,14,15,17,18,17
2,0,at_home,at_home,father,0,no,yes,no,3,3,2,no,yes,T,3,2,2,3,no,LE3,3,home,0,yes,F,17,U,no,GP,16,15,15,14,14,15
4,4,other,other,mother,0,yes,yes,no,3,3,1,no,yes,T,2,2,3,4,no,GT3,3,course,3,yes,M,18,U,no,GP,9,12,11,13,14,13
3,3,other,services,mother,0,yes,yes,no,5,1,1,no,yes,T,5,3,5,4,no,GT3,3,reputation,3,no,M,17,U,no,GP,14,15,16,17,18,17
2,2,services,other,mother,0,no,yes,no,5,1,4,no,yes,T,5,5,4,4,yes,GT3,4,course,8,yes,M,17,R,no,GP,11,10,10,11,10,10
4,4,teacher,services,mother,0,yes,yes,no,4,3,1,yes,yes,T,3,1,4,5,yes,GT3,4,course,7,yes,F,17,U,no,GP,10,9,9,13,12,13
4,4,teacher,teacher,mother,0,no,yes,yes,3,3,2,yes,yes,T,2,1,4,4,yes,GT3,3,course,4,no,F,17,U,no,GP,14,14,14,15,14,15
2,2,other,other,mother,0,yes,yes,no,5,4,1,no,yes,T,4,2,5,4,yes,LE3,5,course,2,yes,M,18,U,no,GP,9,8,8,11,11,12
4,2,at_home,other,father,0,no,yes,yes,3,3,1,no,yes,T,1,1,5,4,yes,GT3,4,course,7,yes,F,17,R,no,GP,12,14,14,15,15,15
3,3,services,services,mother,0,yes,yes,no,4,2,1,no,yes,T,1,1,4,5,no,GT3,3,home,0,yes,F,18,U,no,GP,7,0,0,10,11,12
2,2,other,other,other,0,yes,yes,yes,3,2,1,no,yes,T,1,1,2,4,no,LE3,3,home,0,no,F,18,U,no,GP,8,8,0,10,9,12
2,2,at_home,other,mother,0,yes,no,no,4,4,2,no,yes,T,1,1,4,4,no,GT3,4,course,0,yes,F,18,R,no,GP,10,9,0,14,13,14
4,3,services,other,mother,0,no,yes,no,5,3,1,no,yes,T,3,1,5,4,no,GT3,4,course,16,yes,F,17,U,no,GP,16,15,15,11,13,14
2,3,other,other,mother,0,no,yes,yes,2,2,1,yes,yes,T,3,2,2,4,yes,GT3,3,home,0,yes,F,17,U,no,GP,7,8,0,12,13,15
3,3,services,services,mother,0,no,yes,no,3,4,1,no,yes,T,1,1,1,5,yes,LE3,3,home,7,yes,F,18,U,no,GP,16,15,17,14,14,15
2,3,other,other,mother,0,no,yes,no,3,2,1,yes,yes,A,3,2,2,4,yes,GT3,3,home,4,yes,F,17,R,no,GP,9,10,10,14,14,16
4,4,teacher,services,father,1,yes,yes,no,3,2,1,no,yes,T,2,2,2,4,yes,GT3,3,home,0,yes,M,18,U,no,GP,10,10,0,12,12,13
4,3,services,other,mother,0,yes,yes,yes,3,2,1,no,yes,T,3,1,5,4,no,LE3,3,home,11,yes,M,18,U,no,GP,16,15,15,16,16,17
2,2,at_home,at_home,father,1,no,yes,yes,1,2,1,no,yes,A,2,1,4,3,yes,GT3,3,home,0,yes,F,17,U,no,GP,9,8,0,10,12,14
3,2,at_home,other,mother,0,no,yes,no,3,3,1,no,yes,T,2,1,3,4,yes,GT3,3,course,4,yes,F,18,U,no,GP,11,10,10,11,12,14
2,3,other,services,mother,0,no,yes,yes,3,3,1,no,yes,T,3,2,1,5,no,GT3,4,other,7,yes,F,18,U,no,GP,13,13,14,14,16,17
3,4,teacher,services,mother,0,no,yes,yes,2,3,1,no,yes,T,2,1,4,5,no,GT3,3,course,9,yes,M,18,R,no,GP,16,15,16,15,14,17
3,4,teacher,other,mother,0,no,yes,yes,5,3,1,yes,yes,T,3,2,5,5,yes,GT3,4,course,0,yes,M,18,U,no,GP,10,10,9,14,13,14
3,4,health,other,mother,0,yes,yes,yes,3,3,1,yes,yes,T,3,1,4,4,yes,GT3,4,reputation,0,yes,F,17,U,no,GP,13,15,15,11,12,13
2,3,other,other,mother,1,no,yes,no,5,1,2,no,yes,T,5,5,5,2,yes,GT3,5,course,10,no,M,18,R,no,MS,11,13,13,9,10,11
1,1,other,services,other,3,no,yes,no,4,2,3,no,yes,T,3,3,2,5,no,GT3,4,home,8,yes,M,19,R,no,MS,8,7,8,10,9,11
3,3,health,other,mother,0,no,yes,no,4,2,2,yes,yes,T,3,2,3,4,yes,GT3,5,course,2,yes,M,17,U,no,MS,13,13,13,8,9,10
3,1,at_home,services,mother,1,no,yes,yes,3,1,1,no,no,T,3,2,3,4,no,LE3,3,course,7,yes,M,18,U,no,MS,8,7,8,9,10,9
1,1,other,other,other,1,no,yes,no,4,1,3,no,yes,T,3,3,5,4,yes,GT3,4,home,4,yes,M,19,R,no,MS,8,8,8,8,9,10
3,4,services,other,mother,0,yes,yes,yes,5,2,2,yes,yes,T,3,1,2,4,yes,GT3,5,home,4,no,M,17,R,no,MS,13,11,11,10,11,11
3,3,services,services,father,0,no,no,yes,4,2,1,no,yes,T,1,1,5,5,yes,GT3,3,course,0,yes,F,18,U,no,MS,10,9,9,10,10,10
4,4,teacher,services,father,0,yes,yes,no,3,2,2,yes,yes,T,2,1,5,4,yes,GT3,3,other,4,yes,F,17,R,no,MS,12,13,13,12,12,12
2,3,services,other,mother,0,no,no,yes,3,2,2,no,yes,A,2,1,5,1,no,LE3,2,reputation,2,yes,F,17,U,no,MS,12,12,11,15,14,15
1,1,other,services,father,0,no,yes,yes,2,1,2,no,yes,T,2,1,3,3,no,LE3,3,home,4,no,M,18,U,no,MS,10,10,10,14,13,14
1,1,at_home,services,father,0,no,yes,no,2,3,2,no,yes,T,1,1,4,5,no,LE3,3,course,0,yes,F,18,U,no,MS,18,16,16,19,17,18
3,3,services,services,mother,0,no,yes,yes,2,2,2,no,yes,T,3,1,3,4,yes,GT3,3,other,0,yes,F,18,U,no,MS,11,11,10,13,12,13
4,4,at_home,at_home,mother,0,yes,yes,yes,4,2,1,yes,yes,T,1,1,1,2,yes,LE3,3,course,0,yes,F,17,U,no,MS,16,15,15,15,14,15
2,1,other,services,father,0,no,no,no,2,2,2,no,yes,T,2,1,3,3,no,GT3,2,course,0,no,F,17,R,no,MS,12,11,12,13,13,13
3,1,at_home,other,mother,0,no,no,no,4,2,2,yes,yes,T,4,2,3,3,yes,GT3,3,course,4,yes,M,18,R,no,MS,10,10,10,8,10,9
4,4,teacher,services,mother,0,no,yes,yes,2,3,2,yes,yes,T,2,2,5,4,no,LE3,2,other,0,yes,M,18,U,no,MS,13,13,13,15,16,16
1,1,other,services,mother,1,no,yes,yes,1,1,3,yes,yes,T,2,1,1,5,yes,GT3,2,reputation,0,yes,F,17,R,no,MS,7,6,0,8,8,9
3,2,at_home,services,father,0,no,yes,yes,3,1,2,yes,yes,T,2,1,4,5,yes,GT3,2,course,0,yes,F,18,U,no,MS,11,10,10,10,10,10
4,4,other,teacher,father,0,no,yes,yes,2,2,3,yes,yes,T,2,4,5,3,yes,GT3,2,other,10,no,F,18,R,no,MS,14,12,11,7,5,0
2,1,at_home,services,father,0,yes,yes,yes,3,1,3,yes,no,T,3,2,3,4,yes,LE3,3,other,3,yes,M,18,R,no,MS,14,12,12,9,10,10
2,2,other,at_home,mother,0,yes,no,yes,3,3,1,no,yes,T,1,1,3,3,no,GT3,4,home,8,yes,F,17,U,no,MS,13,11,11,10,11,12
2,1,other,other,mother,0,yes,yes,no,5,1,1,no,yes,T,3,1,1,3,no,GT3,5,course,14,yes,F,17,R,no,MS,6,5,5,7,8,9
4,4,other,other,mother,0,no,yes,no,4,3,2,no,yes,T,1,1,1,5,no,LE3,4,reputation,0,yes,F,18,R,no,MS,19,18,19,15,17,17
1,1,other,other,mother,0,no,yes,no,2,3,4,no,yes,T,2,1,4,4,no,GT3,3,home,2,yes,F,18,R,no,MS,8,8,10,10,11,12
4,4,teacher,services,mother,0,yes,yes,no,3,2,1,yes,yes,T,4,3,2,5,no,LE3,4,course,4,yes,F,18,R,no,MS,8,9,10,13,14,14
3,3,other,other,mother,0,no,yes,yes,3,2,1,yes,yes,T,2,1,1,4,no,GT3,1,home,0,yes,F,18,U,no,MS,15,15,15,16,16,16
1,3,at_home,other,mother,0,yes,yes,no,4,2,1,yes,yes,T,3,2,1,4,yes,GT3,5,reputation,17,no,F,17,R,no,MS,10,10,10,8,9,9
4,4,teacher,teacher,father,0,yes,yes,no,4,2,1,yes,yes,T,4,1,2,3,no,GT3,2,home,4,no,M,18,U,no,MS,15,14,14,17,18,19
1,2,other,other,mother,0,yes,yes,yes,3,1,2,no,yes,T,3,1,5,4,no,GT3,4,other,5,no,M,18,R,no,MS,7,6,7,7,7,0
3,2,other,services,father,0,yes,yes,no,3,2,2,no,yes,T,1,1,3,4,no,GT3,4,home,2,yes,M,17,U,no,MS,11,11,10,14,15,16
1,1,other,services,mother,1,no,no,no,2,1,2,no,yes,T,3,1,5,4,no,GT3,3,other,0,yes,M,19,R,no,MS,6,5,0,5,8,0
2,4,other,other,father,1,no,no,no,3,1,2,yes,yes,T,3,4,3,5,no,GT3,4,home,14,yes,M,18,R,no,MS,6,5,5,7,7,0
2,2,at_home,other,mother,0,no,no,no,3,3,2,yes,yes,T,3,1,4,5,no,GT3,3,other,2,yes,F,18,R,no,MS,10,9,10,14,17,15
4,4,teacher,at_home,mother,0,yes,yes,yes,3,1,3,yes,yes,T,2,2,5,4,yes,GT3,4,reputation,7,yes,F,18,R,no,MS,6,5,6,7,9,10
3,2,services,other,mother,1,yes,yes,no,2,3,1,no,yes,T,2,1,5,5,no,GT3,4,course,0,no,F,19,R,no,MS,7,5,0,10,11,10
1,3,teacher,services,mother,0,no,yes,no,4,2,1,yes,yes,T,1,1,1,4,yes,LE3,3,course,0,yes,F,18,U,no,MS,7,9,8,15,15,16
1,1,other,other,mother,1,yes,no,no,1,2,2,no,yes,T,1,1,5,1,no,GT3,1,course,0,yes,F,18,U,no,MS,6,5,0,11,12,9
1,3,services,services,mother,0,no,yes,no,5,1,2,no,yes,T,4,3,2,2,no,LE3,4,course,3,no,M,17,U,no,MS,14,16,16,10,10,10
2,3,services,other,mother,0,no,yes,no,1,1,3,no,yes,T,4,3,5,4,no,LE3,4,course,0,no,M,18,R,no,MS,11,12,10,10,11,11
